{"cameraMode":{"drawMode":0,"name":"Shaded","section":"Shading Mode"},"sceneLighting":true,"audioPlay":false,"sceneViewState":{"m_AlwaysRefresh":false,"showFog":true,"showSkybox":true,"showFlares":true,"showImageEffects":true,"showParticleSystems":true,"showVisualEffectGraphs":true,"m_FxEnabled":true},"in2DMode":false,"pivot":{"x":0.3731534481048584,"y":-0.03597760200500488,"z":30.18204689025879},"rotation":{"x":0.1894875019788742,"y":0.20508873462677003,"z":-0.04050694778561592,"w":0.959377110004425},"size":29.268346786499025,"orthographic":false}