{"cameraMode":{"drawMode":0,"name":"Shaded","section":"Shading Mode"},"sceneLighting":false,"audioPlay":false,"sceneViewState":{"m_AlwaysRefresh":false,"showFog":true,"showSkybox":false,"showFlares":true,"showImageEffects":true,"showParticleSystems":true,"showVisualEffectGraphs":true,"m_FxEnabled":true},"in2DMode":false,"pivot":{"x":91.41609191894531,"y":6.9239301681518559,"z":12.51588249206543},"rotation":{"x":-0.050976719707250598,"y":0.00599329499527812,"z":0.0003046256024390459,"w":0.9986776113510132},"size":15.279817581176758,"orthographic":true}