{"cameraMode":{"drawMode":0,"name":"Shaded","section":"Shading Mode"},"sceneLighting":false,"audioPlay":false,"sceneViewState":{"m_AlwaysRefresh":false,"showFog":true,"showSkybox":false,"showFlares":true,"showImageEffects":true,"showParticleSystems":true,"showVisualEffectGraphs":true,"m_FxEnabled":true},"in2DMode":false,"pivot":{"x":29.230663299560548,"y":5.305564880371094,"z":14.529067993164063},"rotation":{"x":-0.050976719707250598,"y":0.00599329499527812,"z":0.0003046256024390459,"w":0.9986776113510132},"size":13.514363288879395,"orthographic":true}