{"cameraMode":{"drawMode":0,"name":"Shaded","section":"Shading Mode"},"sceneLighting":false,"audioPlay":false,"sceneViewState":{"m_AlwaysRefresh":false,"showFog":true,"showSkybox":false,"showFlares":true,"showImageEffects":true,"showParticleSystems":true,"showVisualEffectGraphs":true,"m_FxEnabled":true},"in2DMode":false,"pivot":{"x":447.1081237792969,"y":519.9932250976563,"z":-42.70977020263672},"rotation":{"x":0.03268351033329964,"y":-0.009896614588797093,"z":-0.0003244312247261405,"w":-0.9994170069694519},"size":393.7828369140625,"orthographic":false}