{"cameraMode":{"drawMode":0,"name":"Shaded","section":"Shading Mode"},"sceneLighting":false,"audioPlay":false,"sceneViewState":{"m_AlwaysRefresh":false,"showFog":false,"showSkybox":false,"showFlares":false,"showImageEffects":false,"showParticleSystems":false,"showVisualEffectGraphs":true,"m_FxEnabled":true},"in2DMode":false,"pivot":{"x":0.01758132129907608,"y":1.1534503698349,"z":-0.1126556396484375},"rotation":{"x":0.023398907855153085,"y":0.9647867679595947,"z":-0.24533288180828095,"w":0.09203137457370758},"size":1.0313318967819214,"orthographic":false}